{
	"type": "GenericSmelter",
	"name": "Адамантитовая плавильня",
	"description": "Достаточно горячая, чтобы расплавить адамантит",
	"outputItem": {"item": "darkore", "amount": 1},
	"size": 4,
	"hasPower": true,
	"hasItems": true,
	"craftTime": 1695,
	"updateEffect": "smeltsmoke",
	"consumes": {
		"power": 11.1,
		"items": {
			"items": [
				{ "item": "lightore", "amount": 2 },
				{ "item": "adamantit", "amount": 5 }
			]
		}
	},
	"requirements": [
		{ "item": "adamantit", "amount": 100 },
		{ "item": "thorium", "amount": 1000 },
	],
	"category": "crafting",
	"research": "router",
	"idleSound": "respawning",
	"idleSoundVolume": 0.5
}
