{
	"type": "GenericSmelter",
	"name": "Маяк",
	"description": "Очищает материалы от всех грехов",
	"outputItem": {"item": "lightore", "amount": 1},
	"size": 4,
	"hasPower": true,
	"hasItems": true,
	"craftTime": 1350,
	"updateEffect": "smeltsmoke",
	"consumes": {
		"power": 8,
		"items": {
			"items": [
				{ "item": "erbium", "amount": 5 },
				{ "item": "clinium", "amount": 1 }
			]
		}
	},
	"requirements": [
		{ "item": "thorium", "amount": 250 },
		{ "item": "clinium", "amount": 100 },
	],
	"category": "crafting",
	"research": "router",
	"idleSound": "respawning",
	"idleSoundVolume": 0.5
}
