{
	"type": "GenericSmelter",
	"name": "Космическая печь",
	"description": "Способен скрестить два мощных энергетических материала",
	"outputItem": {"item": "cosmium", "amount": 1},
	"size": 4,
	"hasPower": true,
	"hasItems": true,
	"craftTime": 2000,
	"updateEffect": "smeltsmoke",
	"consumes": {
		"power": 14,
		"items": {
			"items": [
				{ "item": "darkore", "amount": 1 },
				{ "item": "lightore", "amount": 1 }
			]
		}
	},
	"requirements": [
		{ "item": "erbium", "amount": 250 },
		{ "item": "darkore", "amount": 45 },
	],
	"category": "crafting",
	"research": "router",
	"idleSound": "respawning",
	"idleSoundVolume": 0.5
}
