 {
   "name": "Кратер",
 "description": "Создан из твоих грехов",
 "type": "ArtilleryTurret",
 "range": 200,
 "recoil": 5,
 "reload": 72,
 "ammoUseEffect": "shellEjectBig",
 "size": 4,
 "health": 15000,
 "inaccuracy": 3,
 "rotatespeed": 2,
 "targetAir": true,
 "shootSound": "craterShot"
 "ammo": {
  "adamantit": {
   "speed": 10.0,
   "damage": 850,
   "reloadMultiplier": 1.0,
   "shootEffect": "shootBig",
   "smokeEffect": "shootBigSmoke",
   "bulletWeight": 3,
   "bulletHeight": 20,   "bulletWidth": 20,
   "backColor": "d99d73",
   "frontColor": "d99d73",
   "ammoMultiplier": 1,
   "type": "missileBulletType",
   "splashDamageRadius": 66,
   "splashDamage": 333
  }
 },
 "requirements": [
  {"item": "adamantit", "amount": 666},
  {"item": "darkore", "amount": 75},
  {"item": "erbium", "amount": 666},
  {"item": "titanium", "amount": 666}
 ],
 "category": "turret",
 "research": "lightore-turret"
}