{
	"name": "Хевенвейв",
	"description": "Небесная помощь",
	"type": "mendProjector",
	"health": 6000,
	"size": 2,
	"reload" : 180,
	"range" : 200,
	"healPercent" : 45,
	"itemCapacity": 15,
	"hasPower": true,
	"phaseBoost" : 80,
	"phaseRangeBoost" : 80,
	"power": 60,
	"consumes": {
		"power": 5,
		"items": {
			"items": [
				{
					"item": "clinium",
					"amount": 1
				}
			],
			"optional": true, 
			"booster": true
		}
	},
	"requirements": [
		{ "item": "lightore", "amount": 30 },
		{ "item": "clinium", "amount": 200 },
		{ "item": "nephrite", "amount": 400 },
		{ "item": "titanium", "amount": 400 }
	],
	"category": "effect",
	"research": "mend-projector"
}
