{
	"type": "doubleTurret",
	"name": "Миротворец",
	"description": "Небесная кара",
	"health": 8000,
	"size": 3,
	"recoil" : 7,
	"reload": 2,
	"range": 250,
    "targetAir": false,
	"ammoUseEffect": "shellEjectSmall",
	"inaccuracy": 8,
	"rotatespeed": 15,
	"shootSound": "peacekeeperShot"
	"ammo": {
		"clinium": {
			"speed": 45.0,
			"damage": 165,
			"reloadMultiplier": 0.95,
			"bulletWidth": 5,
			"bulletHeight": 5,
			"shootEffect": "shootSmall",
			"smokeEffect": "shootSmallSmoke",
			"ammoMultiplier": 8,
			"backColor": "ac7349",
			"frontColor": "dcd16b"
		},
	},
	"requirements": [
		{ "item": "lightore", "amount": 75 },
		{ "item": "clinium", "amount": 70 }
	],
	"category": "turret",
	"research": "duo"
}
