{
	"type": "GenericSmelter",
	"name": "Размягчитель",
	"description": "Делает из нефрита и эрбия легкую и чистую массу",
	"outputItem": {"item": "clinium", "amount": 1},
	"size": 2,
	"hasPower": true,
	"hasItems": true,
	"craftTime": 180,
	"updateEffect": "smeltsmoke",
	"consumes": {
		"power": 5,
		"items": {
			"items": [
				{ "item": "erbium", "amount": 3 },
				{ "item": "nephrite", "amount": 3 }
			]
		}
	},
	"requirements": [
		{ "item": "titanium", "amount": 500 },
		{ "item": "nephrite", "amount": 100 },
	],
	"category": "crafting",
	"research": "router",
	"idleSound": "respawning",
	"idleSoundVolume": 0.5
}
