{ 	"type": "SingleTypeGenerator", 	"name": "Лайткориевый реактор", 	"description": "Переводит энергию света в килоВатты", 	"size": 3, 	"hasPower": true, 	"hasItems": true, 	"itemDuration": 350, 	"powerProduction": 250.0, 	"consumes": { 		"items": { 			"items": [ 				{ "item": "lightore", "amount": 1 } 			], 			"optional": true 		} 	}, 	"requirements": [ 		{ "item": "lightore", "amount": 45 }, 		{ "item": "titanium", "amount": 250}, 		{ "item": "thorium", "amount": 500 } 	], 	"category": "power", 	"research": "turbine-generator" } 
