{
	"name": "Нефритовый бур",
	"description": "Достаточно мощи, чтобы добыть эрбий. Требует воду для дезинфецирования",
	"type": "Drill",
	"size": 3,
	"tier": 9,
	"drillTime": 45,
	"consumes": {
	  "power": 4
		"liquid": {
			"liquid": "water", 
			"amount": 0.9
		}
	},
	"requirements": [
       { "item": "thorium", "amount": 200 },
		{ "item": "nephrite", "amount": 100 }
	],
	"category": "production",
	"research": "laser-drill"
}
