{
	"name": "Незердрайв",
	"description": "Заряжает темной энергией",
	"type": "OverdriveProjector"
	"health": 7000,
	"size": 2,
	"range": 150,
 "itemCapacity": 15,
	"reload": 60,
	"speedBoost": 3,
	"useTime": 800,
	"phaseBoost": 90,
	"color": "000000",
	"healPercent": 40,
	"consumes": {
		"power": 75.5,
		"items": {
			"items": [ { "amount": 1, "item": "adamantit" } ],
			"booster": true,
			"optional": true
		}
	},
	"requirements": [
		{ "item": "darkore", "amount": 75 },
		{ "item": "adamantit", "amount": 200 },
		{ "item": "erbium", "amount": 200 },
		{ "item": "nephrite", "amount": 300 }
	],
	"category": "effect"
	"research": "overdrive-projector"
}
