{
	"type": "doubleTurret",
	"name": "Звездолом",
	"description": "Заряжен космической энергией",
	"health": 20000,
	"size": 4,
	"recoil": 15,
   "shots": 2,
	"reload": 120,
	"range": 250,
	"ammoUseEffect": "shellEjectSmall",
	"inaccuracy": 0.3,
	"rotatespeed": 1,
	"shootSound": "starcrusherShot",
	"ammo": {
		"darkore": {
			"speed": 45.0,
			"damage": 3500,
			"reloadMultiplier": 0.85,
			"bulletWidth": 30,
			"bulletHeight": 30,
			"shootEffect": "shootSmall",
			"smokeEffect": "shootSmallSmoke",
			"ammoMultiplier": 1,
			"backColor": "6a5acd",
			"frontColor": "4b0082" },
		
		"lightore": {
			"speed": 75.0,
			"damage": 2500,
			"reloadMultiplier": 1.55,
			"bulletWidth": 30,
			"bulletHeight": 30,
			"shootEffect": "shootSmall",
			"smokeEffect": "shootSmallSmoke",
			"ammoMultiplier": 1,
			"backColor": "ac7349",
			"frontColor": "dcd16b"
		},
	},
	"requirements": [
		{ "item": "cosmium", "amount": 75 },
		{ "item": "metaglass", "amount": 600 }
       { "item": "erbium", "amount": 500 },
       { "item": "nephrite", "amount": 500 },
	],
	"category": "turret",
	"research": "duo"
}
