{
 "type": "LaserTurret",
 "name": "Стиратель",
 "description": "Пульсирует космической энергией",
 "health": 20000,
 "size": 4,
 "recoil": 4,
 "shootShake": 2,
 "reload": 5.0,
 "firingMoveFract": 0.5,
 "shootDuration": 220,
 "range": 200,
 "shootType": "meltdownLaser",
 "shootCone": 40,
 "targetAir": true,
 "powerUse": 15.0,
 "rotatespeed": 2,
 "requirements": [
  {"item": "darkore", "amount": 100},
  {"item": "lightore", "amount": 100},
  {"item": "metaglass", "amount": 300},
  {"item": "clinium", "amount": 500},
  {"item": "adamantit", "amount": 500}
 ],
 "category": "turret",
 "research": "darkore-turret"
}