{ 	"type": "SingleTypeGenerator", 	"name": "Даркориевый реактор", 	"description": "Переводит темную энергию в килоВатты", 	"size": 3, 	"hasPower": true, 	"hasItems": true, 	"itemDuration": 800, 	"powerProduction": 600.0, 	"consumes": { 		"items": { 			"items": [ 				{ "item": "darkore", "amount": 1 } 			], 			"optional": true 		} 	}, 	"requirements": [ 		{ "item": "darkore", "amount": 45 }, 		{ "item": "erbium", "amount": 250}, 		{ "item": "thorium", "amount": 500 } 	], 	"category": "power", 	"research": "turbine-generator" } 
