{
	"type": "doubleTurret",
	"name": "Я.С.Р.У",
	"description": "Название говорит само за себя",
	"health": 80000,
	"size": 3,
	"recoil" : 15,
	"reload": 150,
	"range": 400,
	"ammoUseEffect": "shellEjectSmall",
	"inaccuracy": 0,
	"rotatespeed": 2,
	"ammo": {
		"erbium": {
			"speed": 100.0,
			"damage": 25000,
			"reloadMultiplier": 0.95,
			"bulletWidth": 10,
			"bulletHeight": 400,
			"shootEffect": "lightningCharge",
			"smokeEffect": "shootSmallSmoke",
			"ammoMultiplier": 0.05,
			"backColor": "ac7349",
			"frontColor": "dcd16b"
		},
	},
	"requirements": [
		{ "item": "lightore", "amount": 150 },
		{ "item": "darkore", "amount": 150 }
	],
	"category": "turret",
	"research": "duo"
}
